{
    "x": {
      "ProposedCoal": {
        "Blend2": [
          [
            11.789907199999966,
            23.026330173333385,
            10.483929773333351,
            19.272802952188567,
            30.61968413810262,
            944.7839386666666,
            85.83098365333319,
            46.307616746667094,
            389.3483426666667,
            422.47541466666667,
            475.83678000000003,
            80.6344207999999,
            0.3608155733333311,
            0.0753228133333328,
            6
          ]
        ],
        "Coke2": [
          [
            15.400300999999997,
            0.9508570000000005,
            4.059922999999999,
            0.8389420000000004,
            1.6234210000000004,
            18.751614000000014,
            33.59586400000003,
            23.99115300000001,
            6.433978999999999,
            92.50109199999997,
            6.179442000000002,
            4.370106999999999,
            67.95056600000005,
            23.70798999999999,
            54.15978300000003
          ]
        ]
      },
      "blend1": {
        "blendedcoal": [
          11.793499999999968,
          23.007560000000055,
          10.487840000000011,
          19.22021611166611,
          27.81938265068264,
          952.284,
          85.82143999999992,
          46.312080000000414,
          392.998,
          422.664,
          474.956,
          80.5133999999998,
          0.3599799999999975,
          0.07563999999999946,
          6
        ],
        "composition": [
          48,
          22,
          30,
          0,
          0,
          0,
          0,
          0,
          0,
          0,
          0,
          0,
          0,
          0
        ],
        "cost": 13336,
        "properties": [
          15.29130000000001,
          0.9329000000000005,
          4.123899999999999,
          0.7963000000000006,
          1.5620000000000005,
          19.2521,
          33.21850000000001,
          23.976299999999988,
          6.394599999999994,
          92.63270000000003,
          6.190599999999998,
          4.296299999999997,
          68.30729999999997,
          23.172000000000004,
          54.055800000000026
        ]
      },
      "blend2": {
        "blendedcoal": [
          11.783336999999966,
          23.072007346666794,
          10.43085294666668,
          19.504159542316945,
          33.06351184502533,
          911.3865013333333,
          85.84832658666654,
          46.29786261333375,
          381.17988933333334,
          422.1315333333333,
          478.788564,
          80.66920280000016,
          0.36203502666666537,
          0.07476866666666618,
          6
        ],
        "composition": [
          30,
          40,
          30,
          0,
          0,
          0,
          0,
          0,
          0,
          0,
          0,
          0,
          0,
          0
        ],
        "cost": 11212,
        "properties": [
          15.343000000000007,
          0.9414000000000007,
          4.138399999999998,
          0.8305000000000006,
          1.6081000000000003,
          19.210400000000007,
          33.234600000000015,
          23.762699999999995,
          6.439099999999995,
          92.59870000000001,
          6.108799999999999,
          4.332299999999997,
          68.12729999999999,
          23.506800000000002,
          54.094200000000036
        ]
      },
      "blend3": {
        "blendedcoal": [
          11.741539999999969,
          23.09754000000013,
          10.433820000000004,
          19.470853929403923,
          26.65818928848926,
          908.166,
          85.84946000000001,
          46.2863200000004,
          381.36832478632476,
          421.58788034188035,
          480.228,
          80.12905641025644,
          0.3669087179487157,
          0.07371623931623894,
          6
        ],
        "composition": [
          41,
          20,
          39,
          0,
          0,
          0,
          0,
          0,
          0,
          0,
          0,
          0,
          0,
          0
        ],
        "cost": 13251.6,
        "properties": [
          15.27940000000001,
          0.9448000000000009,
          4.1179999999999986,
          0.8381000000000006,
          1.6063000000000005,
          19.112000000000002,
          33.227600000000024,
          23.875800000000005,
          6.437399999999996,
          92.59390000000002,
          6.125699999999999,
          4.330299999999997,
          67.9769,
          23.570999999999994,
          54.08350000000004
        ]
      },
      "valid_predictions_count": 331
    }
  }
  